position,officeholder,start,end
Q1161813,Q7940222,2020,2021
Q1161813,Q460904,2018,2019
Q1161813,Q4665893,2021,
Q1161813,Q110812967,2022-09-13,
Q19926443,Q317864,2018-02-06,
Q19926443,Q1690742,2021-02-08,
Q2472167,Q1721851,2020,
Q2472167,Q1388868,2017,2020
Q2472167,Q2868553,2013,2016
Q2472167,Q998489,2007,2013
Q2472167,Q721292,2001,2007
Q2472167,Q773635,1993,2001
Q3099742,Q437150,1998-03-02,2006-04-01
Q3099742,Q336213,2006-04-01,2006-12-31
Q3099742,Q461710,2007-02-05,2012-07-01
Q3099742,Q549955,2012-07-01,2016-12-31
Q3099742,Q4746340,2017-01-01,
Q5280514,Q289350,,
Q81066,Q1254,1997-01-01,2006-12-31
Q81066,Q1253,2007-01-01,2016-12-31
Q81066,Q311440,2017-01-01,
